id,label,image,description,price,release_date
366,KITH x New Balance 990v2 « Cyclades »,https://u4n2q9h4.rocketcdn.me/wp-content/images/2022/06/kith-new-balance-990v2-cyclades-m990kc2-pic1000-1100x620.jpg,,220,17.06
367,Mountain Research x Reebok Club C II Mid,https://u4n2q9h4.rocketcdn.me/wp-content/images/2022/06/mountain-research-reebok-club-c-2-mid-gx9046-banner-1100x620.jpg,,140,17.06
368,Nike SB Dunk Low « Blue Raspberry »,https://u4n2q9h4.rocketcdn.me/wp-content/images/2021/11/nike-sb-dunk-low-blue-raspberry-dm0807-400-banner1-1100x620.jpg,,100,18.06
369,Gucci x adidas Gazelle « Yellow »,https://u4n2q9h4.rocketcdn.me/wp-content/images/2022/06/gucci-adidas-gazelle-yellow-hq7083-pic01-1100x620.jpg,,650,07.07
370,Maharshi x Reebok Classic Leather Legacy AZ,https://u4n2q9h4.rocketcdn.me/wp-content/images/2022/06/maharshi-reebok-classic-leather-legacy-az-gw4452-pic01-1100x620.jpg,,150,17.06
371,KITH x New Balance 990v1 « Dusty Rose »,https://u4n2q9h4.rocketcdn.me/wp-content/images/2021/12/kith-new-balance-990v1-dusty-rose-m990kt1-pic1000-1100x620.jpg,,200,18.06
372,Nike Air Force 1 React « Coconut Milk »,https://u4n2q9h4.rocketcdn.me/wp-content/images/2022/05/nike-air-force-1-react-coconut-milk-dh7615-100-pic01-1100x620.jpg,,130,17.06
373,Nike SB Dunk High « Pineapple »,https://u4n2q9h4.rocketcdn.me/wp-content/images/2022/01/nike-sb-dunk-high-pineapple-dm0808-700-pic100-1100x620.jpg,,115,18.06
374,Gucci x adidas Gazelle « White »,https://u4n2q9h4.rocketcdn.me/wp-content/images/2022/06/gucci-adidas-gazelle-white-hq8849-banner1-1100x620.jpg,,650,07.07
375,adidas Yeezy Boost 700 « Hi-Res Red »,https://u4n2q9h4.rocketcdn.me/wp-content/images/2022/04/adidas-yeezy-boost-700-hi-res-red-hq6979-pic100-1100x620.jpg,,260,17.06
376,Nike Air Max 1 PRM « Best Friend »,https://u4n2q9h4.rocketcdn.me/wp-content/images/2022/03/nike-air-max-1-prm-best-friend-dr2553-111-pic01-1100x620.jpg,,155,18.06
377,Gucci x adidas Gazelle « Mesa »,https://u4n2q9h4.rocketcdn.me/wp-content/images/2022/06/gucci-adidas-gazelle-mesa-hq8850-banner-1100x620.jpg,,650,07.07
378,Nike Air Max 97 « Blueberry »,https://u4n2q9h4.rocketcdn.me/wp-content/images/2022/04/nike-air-max-97-blueberry-do8900-100-pic100-1100x620.jpg,,180,17.06
379,Nike Air Max 1 « Safari » Cobblestone,https://u4n2q9h4.rocketcdn.me/wp-content/images/2022/03/nike-air-max-1-safari-dv3027-001-pic100-1100x620.jpg,,160,18.06
380,Gucci x adidas Gazelle « Light Blue »,https://u4n2q9h4.rocketcdn.me/wp-content/images/2022/06/gucci-adidas-gazelle-light-blue-hq8851-banner-1100x620.jpg,,650,07.07
381,Nike Air Force 1 React « Photon Dust »,https://u4n2q9h4.rocketcdn.me/wp-content/images/2022/04/nike-air-force-1-react-photon-dust-dm0573-100-pic100-1100x620.jpg,,130,17.06
382,Nike Dunk High Black White « Panda »,https://u4n2q9h4.rocketcdn.me/wp-content/images/2021/05/nike-dunk-high-black-white-dd1399-103-banner-1-1100x620.jpg,,110,20.06
383,Gucci x adidas Gazelle « Light Pink »,https://u4n2q9h4.rocketcdn.me/wp-content/images/2022/06/gucci-adidas-gazelle-light-pink-hq8852-banner1-1100x620.jpg,,650,07.07
384,Nike Air Force 1 React « Mint Foam »,https://u4n2q9h4.rocketcdn.me/wp-content/images/2022/04/nike-air-force-1-react-mint-foam-dm0573-001-pic100-1100x620.jpg,,130,17.06
385,adidas Yeezy Boost 350 V2 « Onyx »,https://u4n2q9h4.rocketcdn.me/wp-content/images/2021/12/adidas-yeezy-boost-350-v2-onyx-hq4540-pic100-1100x620.jpg,,230,20.06
386,Nike Air Zoom Alphafly NEXT% 2 « Prototype »,https://u4n2q9h4.rocketcdn.me/wp-content/images/2022/06/nike-air-zoom-alphafly-next-2-prototype-dj6206-100-pic01-1100x620.jpg,,305,15.06
387,Air Jordan 1 Low OG « Bleached Coral »,https://u4n2q9h4.rocketcdn.me/wp-content/images/2022/04/air-jordan-1-low-og-bleached-coral-cz0790-061-banner1-1100x620.jpg,,130,17.06
388,adidas Yeezy Boost 350 V2 « Bone »,https://u4n2q9h4.rocketcdn.me/wp-content/images/2022/02/adidas-yeezy-boost-350-v2-pure-oat-hq6316-pic100-2-1100x620.jpg,,230,20.06
389,Nike Air VaporMax 2021 « Photo Blue »,https://u4n2q9h4.rocketcdn.me/wp-content/images/2022/06/nike-air-vapormax-2021-photo-blue-dm0025-100-pic01-1100x620.jpg,,220,16.06
390,Nike Air Max Plus 3 « White Blue Volt »,https://u4n2q9h4.rocketcdn.me/wp-content/images/2022/04/nike-air-max-plus-3-white-blue-volt-dv3488-100-banner-1100x620.jpg,,180,17.06
391,Air Jordan 1 Mid SE « Orange Black »,https://u4n2q9h4.rocketcdn.me/wp-content/images/2022/02/air-jordan-1-mid-se-orange-black-dm3381-600-pic100-1100x620.jpg,,130,20.06
392,Sneaker Freaker x atmos x Asics Gel-Lyte III OG « Alley Cats »,https://u4n2q9h4.rocketcdn.me/wp-content/images/2022/06/sneaker-freaker-atmos-asics-gel-lyte-3-og-alley-cats-pic01.jpg,,130,25.06
393,Nike Dunk Low « Orange Paisley »,https://u4n2q9h4.rocketcdn.me/wp-content/images/2022/01/nike-dunk-low-orange-paisley-dh4401-103-banner-1100x620.jpg,,100,17.06
394,Union x Nike Cortez « Sesame »,https://u4n2q9h4.rocketcdn.me/wp-content/images/2021/12/union-nike-cortez-tan-pink-dr1413-200-pic100-1100x620.jpg,,130,21.06
395,Air Jordan 12 Low Golf « Sail »,https://u4n2q9h4.rocketcdn.me/wp-content/images/2022/06/air-jordan-12-low-golf-sail-dm9016-109-pic01-1100x620.jpg,,220,15.06
396,Nike Dunk Low « Barber Shop » Grey,https://u4n2q9h4.rocketcdn.me/wp-content/images/2021/12/nike-dunk-low-barber-shop-grey-dh7614-500-banner-1100x620.jpg,,110,17.06
397,Nike Air Kukini SE « Topography »,https://u4n2q9h4.rocketcdn.me/wp-content/images/2022/03/nike-air-kukini-se-topography-dv1894-100-pic100-1100x620.jpg,,135,21.06
398,Jacquemus x Nike Air Humara « Brown »,https://u4n2q9h4.rocketcdn.me/wp-content/images/2022/06/jacquemus-nike-air-humara-brown-pic01-1100x620.jpg,,0,28.06
399,Nike Dunk Low « Copy Paste »,https://u4n2q9h4.rocketcdn.me/wp-content/images/2022/03/nike-dunk-low-copy-paste-dq5015-063-pic100-1100x620.jpg,,110,21.06
400,Paperboy x Beams x New Balance 920,https://u4n2q9h4.rocketcdn.me/wp-content/images/2022/06/paperboy-beams-new-balance-920-m920ppb-banner.jpeg,,260,21.06
